<dependencies>
  <androidPackages>
    <androidPackage spec="com.google.ads.mediation:maio:1.1.11.1">
      <repositories>
        <repository>https://jcenter.bintray.com/</repository>
        <repository>https://imobile-maio.github.io/maven</repository>
      </repositories>
    </androidPackage>
  </androidPackages>

  <iosPods>
    <iosPod name="GoogleMobileAdsMediationMaio" version="1.5.3.1">
      <sources>
        <source>https://github.com/CocoaPods/Specs</source>
      </sources>
    </iosPod>
  </iosPods>
</dependencies>
