<dependencies>
  <androidPackages>
    <androidPackage spec="com.google.ads.mediation:imobile:2.0.22.0">
      <repositories>
        <repository>https://jcenter.bintray.com/</repository>
        <repository>https://imobile.github.io/adnw-sdk-android</repository>
      </repositories>
    </androidPackage>
  </androidPackages>

  <iosPods>
    <iosPod name="GoogleMobileAdsMediationIMobile" version="2.0.32.0">
      <sources>
        <source>https://github.com/CocoaPods/Specs</source>
      </sources>
    </iosPod>
  </iosPods>
</dependencies>
