<dependencies>
  <androidPackages>
    <androidPackage spec="com.google.ads.mediation:ironsource:6.17.0.0">
      <repositories>
        <repository>https://jcenter.bintray.com/</repository>
        <repository>https://dl.bintray.com/ironsource-mobile/android-sdk</repository>
      </repositories>
    </androidPackage>
  </androidPackages>

  <iosPods>
    <iosPod name="GoogleMobileAdsMediationIronSource" version="6.16.3.0">
      <sources>
        <source>https://github.com/CocoaPods/Specs</source>
      </sources>
    </iosPod>
  </iosPods>
</dependencies>
