<dependencies>
  <androidPackages>
    <androidPackage spec="com.google.ads.mediation:chartboost:8.0.3.1">
      <repositories>
        <repository>https://jcenter.bintray.com/</repository>
        <repository>https://chartboostmobile.bintray.com/Chartboost</repository>
      </repositories>
    </androidPackage>
  </androidPackages>

  <iosPods>
    <iosPod name="GoogleMobileAdsMediationChartboost" version="8.1.0.1">
      <sources>
        <source>https://github.com/CocoaPods/Specs</source>
      </sources>
    </iosPod>
  </iosPods>
</dependencies>
